x_pos,y_pos
1139.53488372093,20.0
162.7906976744186,20.0
1418.6046511627906,20.0
1279.0697674418604,20.0
860.4651162790697,20.0
1558.139534883721,20.0
720.9302325581396,20.0
302.3255813953488,20.0
23.25581395348837,20.0
1000.0,20.0
1976.7441860465115,20.0
581.3953488372092,20.0
1837.2093023255813,20.0
441.86046511627904,20.0
1697.674418604651,20.0