x_pos,y_pos
1666.6666666666667,20.0
866.6666666666667,20.0
1933.3333333333335,20.0
1133.3333333333335,20.0
466.6666666666667,20.0
1533.3333333333335,20.0
333.33333333333337,20.0
66.66666666666667,20.0
733.3333333333334,20.0
1266.6666666666667,20.0